date,state,vehicle_category,electric_vehicles_sold,total_vehicles_sold
2021-04-01,Sikkim,2-Wheelers,0,398
2021-04-01,Sikkim,4-Wheelers,0,361
2021-05-01,Sikkim,2-Wheelers,0,113
2021-05-01,Sikkim,4-Wheelers,0,98
2021-06-01,Sikkim,2-Wheelers,0,229
2021-06-01,Sikkim,4-Wheelers,0,244
2021-07-01,Sikkim,2-Wheelers,0,458
2021-07-01,Sikkim,4-Wheelers,0,452
2021-08-01,Sikkim,2-Wheelers,0,489
2021-08-01,Sikkim,4-Wheelers,0,408
2021-09-01,Sikkim,2-Wheelers,0,540
2021-09-01,Sikkim,4-Wheelers,0,355
2021-10-01,Sikkim,2-Wheelers,0,455
2021-10-01,Sikkim,4-Wheelers,0,345
2021-11-01,Sikkim,2-Wheelers,0,478
2021-11-01,Sikkim,4-Wheelers,0,351
2021-12-01,Sikkim,2-Wheelers,0,454
2021-12-01,Sikkim,4-Wheelers,0,394
2022-01-01,Sikkim,2-Wheelers,0,400
2022-01-01,Sikkim,4-Wheelers,0,270
2022-02-01,Sikkim,2-Wheelers,0,384
2022-02-01,Sikkim,4-Wheelers,0,371
2022-03-01,Sikkim,2-Wheelers,0,460
2022-03-01,Sikkim,4-Wheelers,0,390
2022-04-01,Sikkim,2-Wheelers,0,455
2022-04-01,Sikkim,4-Wheelers,0,380
2022-05-01,Sikkim,2-Wheelers,0,461
2022-05-01,Sikkim,4-Wheelers,0,421
2022-06-01,Sikkim,2-Wheelers,0,429
2022-06-01,Sikkim,4-Wheelers,0,446
2022-07-01,Sikkim,2-Wheelers,0,409
2022-07-01,Sikkim,4-Wheelers,0,439
2022-08-01,Sikkim,2-Wheelers,0,394
2022-08-01,Sikkim,4-Wheelers,0,421
2022-09-01,Sikkim,2-Wheelers,0,443
2022-09-01,Sikkim,4-Wheelers,0,581
2022-10-01,Sikkim,2-Wheelers,0,371
2022-10-01,Sikkim,4-Wheelers,0,340
2022-11-01,Sikkim,2-Wheelers,0,431
2022-11-01,Sikkim,4-Wheelers,0,411
2022-12-01,Sikkim,2-Wheelers,0,274
2022-12-01,Sikkim,4-Wheelers,0,288
2023-01-01,Sikkim,2-Wheelers,0,470
2023-01-01,Sikkim,4-Wheelers,0,420
2023-02-01,Sikkim,2-Wheelers,0,324
2023-02-01,Sikkim,4-Wheelers,0,364
2023-03-01,Sikkim,2-Wheelers,0,454
2023-03-01,Sikkim,4-Wheelers,0,505
2023-04-01,Sikkim,2-Wheelers,0,465
2023-04-01,Sikkim,4-Wheelers,0,439
2023-05-01,Sikkim,2-Wheelers,0,507
2023-05-01,Sikkim,4-Wheelers,0,448
2023-06-01,Sikkim,2-Wheelers,0,517
2023-06-01,Sikkim,4-Wheelers,0,457
2023-07-01,Sikkim,2-Wheelers,0,423
2023-07-01,Sikkim,4-Wheelers,0,371
2023-08-01,Sikkim,2-Wheelers,0,465
2023-08-01,Sikkim,4-Wheelers,0,460
2023-09-01,Sikkim,2-Wheelers,0,546
2023-09-01,Sikkim,4-Wheelers,0,509
2023-10-01,Sikkim,2-Wheelers,0,398
2023-10-01,Sikkim,4-Wheelers,0,389
2023-11-01,Sikkim,2-Wheelers,0,470
2023-11-01,Sikkim,4-Wheelers,0,403
2023-12-01,Sikkim,2-Wheelers,0,365
2023-12-01,Sikkim,4-Wheelers,0,318
2024-01-01,Sikkim,2-Wheelers,0,509
2024-01-01,Sikkim,4-Wheelers,0,422
2024-02-01,Sikkim,2-Wheelers,0,408
2024-02-01,Sikkim,4-Wheelers,0,375
2024-03-01,Sikkim,2-Wheelers,0,399
2024-03-01,Sikkim,4-Wheelers,0,455
2021-04-01,Andaman & Nicobar Island,2-Wheelers,0,515
2021-04-01,Arunachal Pradesh,2-Wheelers,0,1256
2021-04-01,Arunachal Pradesh,4-Wheelers,0,724
2021-04-01,Assam,4-Wheelers,0,6576
2021-04-01,Chhattisgarh,4-Wheelers,0,1563
2021-04-01,DNH and DD,4-Wheelers,0,278
2021-04-01,Jammu and Kashmir,4-Wheelers,0,5107
2021-04-01,Ladakh,2-Wheelers,0,2
2021-04-01,Ladakh,4-Wheelers,0,20
2021-04-01,Manipur,4-Wheelers,0,808
2021-04-01,Meghalaya,2-Wheelers,0,1189
2021-04-01,Mizoram,2-Wheelers,0,1507
2021-04-01,Mizoram,4-Wheelers,0,281
2021-04-01,Nagaland,2-Wheelers,0,561
2021-04-01,Nagaland,4-Wheelers,0,747
2021-04-01,Puducherry,4-Wheelers,0,655
2021-04-01,Tripura,2-Wheelers,0,2906
2021-04-01,Tripura,4-Wheelers,0,289
2021-05-01,Andaman & Nicobar Island,2-Wheelers,0,4
2021-05-01,Andaman & Nicobar Island,4-Wheelers,0,1
2021-05-01,Arunachal Pradesh,2-Wheelers,0,552
2021-05-01,Arunachal Pradesh,4-Wheelers,0,302
2021-05-01,Assam,2-Wheelers,0,14723
2021-05-01,Assam,4-Wheelers,0,3295
2021-05-01,Bihar,4-Wheelers,0,2249
2021-05-01,Chandigarh,2-Wheelers,0,411
2021-05-01,Chhattisgarh,4-Wheelers,0,1387
2021-05-01,DNH and DD,2-Wheelers,0,452
2021-05-01,DNH and DD,4-Wheelers,0,202
2021-05-01,Delhi,2-Wheelers,0,22
2021-05-01,Delhi,4-Wheelers,0,21
2021-05-01,Jammu and Kashmir,4-Wheelers,0,2372
2021-05-01,Ladakh,2-Wheelers,0,11
2021-05-01,Ladakh,4-Wheelers,0,70
2021-05-01,Madhya Pradesh,4-Wheelers,0,195
2021-05-01,Manipur,2-Wheelers,0,288
2021-05-01,Manipur,4-Wheelers,0,9
2021-05-01,Meghalaya,2-Wheelers,0,332
2021-05-01,Mizoram,2-Wheelers,0,15
2021-05-01,Mizoram,4-Wheelers,0,4
2021-05-01,Nagaland,2-Wheelers,0,125
2021-05-01,Nagaland,4-Wheelers,0,126
2021-05-01,Odisha,4-Wheelers,0,722
2021-05-01,Punjab,4-Wheelers,0,5202
2021-05-01,Tripura,2-Wheelers,0,2063
2021-05-01,Tripura,4-Wheelers,0,192
2021-05-01,Uttarakhand,4-Wheelers,0,1145
2021-06-01,Andaman & Nicobar Island,2-Wheelers,0,2
2021-06-01,Arunachal Pradesh,2-Wheelers,0,727
2021-06-01,Arunachal Pradesh,4-Wheelers,0,565
2021-06-01,Ladakh,2-Wheelers,0,3
2021-06-01,Ladakh,4-Wheelers,0,112
2021-06-01,Manipur,2-Wheelers,0,89
2021-06-01,Manipur,4-Wheelers,0,18
2021-06-01,Meghalaya,2-Wheelers,0,354
2021-06-01,Meghalaya,4-Wheelers,0,246
2021-06-01,Mizoram,2-Wheelers,0,648
2021-06-01,Mizoram,4-Wheelers,0,298
2021-06-01,Nagaland,2-Wheelers,0,42
2021-06-01,Nagaland,4-Wheelers,0,54
2021-06-01,Puducherry,4-Wheelers,0,445
2021-06-01,Tripura,4-Wheelers,0,185
2021-07-01,Andaman & Nicobar Island,2-Wheelers,0,467
2021-07-01,Arunachal Pradesh,2-Wheelers,0,994
2021-07-01,Arunachal Pradesh,4-Wheelers,0,661
2021-07-01,Assam,4-Wheelers,0,4988
2021-07-01,DNH and DD,4-Wheelers,0,276
2021-07-01,Ladakh,2-Wheelers,0,51
2021-07-01,Ladakh,4-Wheelers,0,552
2021-07-01,Manipur,2-Wheelers,0,474
2021-07-01,Manipur,4-Wheelers,0,68
2021-07-01,Meghalaya,2-Wheelers,0,726
2021-07-01,Mizoram,2-Wheelers,0,1096
2021-07-01,Mizoram,4-Wheelers,0,219
2021-07-01,Nagaland,2-Wheelers,0,583
2021-07-01,Nagaland,4-Wheelers,0,1039
2021-07-01,Puducherry,4-Wheelers,0,866
2021-07-01,Tripura,2-Wheelers,0,2211
2021-07-01,Tripura,4-Wheelers,0,352
2021-08-01,Andaman & Nicobar Island,2-Wheelers,0,406
2021-08-01,Arunachal Pradesh,2-Wheelers,0,1126
2021-08-01,Arunachal Pradesh,4-Wheelers,0,758
2021-08-01,DNH and DD,4-Wheelers,0,321
2021-08-01,Himachal Pradesh,4-Wheelers,0,3641
2021-08-01,Jammu and Kashmir,4-Wheelers,0,5430
2021-08-01,Ladakh,2-Wheelers,0,30
2021-08-01,Ladakh,4-Wheelers,0,459
2021-08-01,Manipur,2-Wheelers,0,1016
2021-08-01,Manipur,4-Wheelers,0,561
2021-08-01,Meghalaya,2-Wheelers,0,1041
2021-08-01,Meghalaya,4-Wheelers,0,826
2021-08-01,Mizoram,2-Wheelers,0,1057
2021-08-01,Mizoram,4-Wheelers,0,240
2021-08-01,Nagaland,2-Wheelers,0,577
2021-08-01,Nagaland,4-Wheelers,0,763
2021-08-01,Tripura,2-Wheelers,0,2462
2021-08-01,Tripura,4-Wheelers,0,462
2021-09-01,Andaman & Nicobar Island,2-Wheelers,0,329
2021-09-01,Andaman & Nicobar Island,4-Wheelers,0,87
2021-09-01,Arunachal Pradesh,2-Wheelers,0,1260
2021-09-01,Arunachal Pradesh,4-Wheelers,0,637
2021-09-01,Assam,4-Wheelers,0,6036
2021-09-01,DNH and DD,4-Wheelers,0,348
2021-09-01,Ladakh,2-Wheelers,0,26
2021-09-01,Ladakh,4-Wheelers,0,444
2021-09-01,Manipur,2-Wheelers,0,3492
2021-09-01,Manipur,4-Wheelers,0,1202
2021-09-01,Meghalaya,2-Wheelers,0,1396
2021-09-01,Meghalaya,4-Wheelers,0,905
2021-09-01,Mizoram,2-Wheelers,0,1465
2021-09-01,Mizoram,4-Wheelers,0,264
2021-09-01,Nagaland,4-Wheelers,0,681
2021-09-01,Tripura,2-Wheelers,0,2736
2021-09-01,Tripura,4-Wheelers,0,403
2021-10-01,Andaman & Nicobar Island,2-Wheelers,0,360
2021-10-01,Arunachal Pradesh,2-Wheelers,0,1109
2021-10-01,Arunachal Pradesh,4-Wheelers,0,570
2021-10-01,Assam,4-Wheelers,0,5877
2021-10-01,Ladakh,4-Wheelers,0,289
2021-10-01,Manipur,4-Wheelers,0,916
2021-10-01,Meghalaya,2-Wheelers,0,1414
2021-10-01,Meghalaya,4-Wheelers,0,722
2021-10-01,Mizoram,2-Wheelers,0,1886
2021-10-01,Mizoram,4-Wheelers,0,283
2021-10-01,Nagaland,2-Wheelers,0,650
2021-10-01,Nagaland,4-Wheelers,0,567
2021-10-01,Puducherry,4-Wheelers,0,609
2021-10-01,Tripura,2-Wheelers,0,3015
2021-10-01,Tripura,4-Wheelers,0,366
2021-11-01,Andaman & Nicobar Island,2-Wheelers,0,413
2021-11-01,Andaman & Nicobar Island,4-Wheelers,0,125
2021-11-01,Arunachal Pradesh,2-Wheelers,0,1262
2021-11-01,Arunachal Pradesh,4-Wheelers,0,646
2021-11-01,Assam,4-Wheelers,0,5618
2021-11-01,DNH and DD,4-Wheelers,0,330
2021-11-01,Himachal Pradesh,4-Wheelers,0,4496
2021-11-01,Jammu and Kashmir,4-Wheelers,0,4709
2021-11-01,Ladakh,2-Wheelers,0,28
2021-11-01,Ladakh,4-Wheelers,0,287
2021-11-01,Manipur,4-Wheelers,0,875
2021-11-01,Meghalaya,2-Wheelers,0,1442
2021-11-01,Meghalaya,4-Wheelers,0,806
2021-11-01,Mizoram,2-Wheelers,0,1820
2021-11-01,Mizoram,4-Wheelers,0,328
2021-11-01,Nagaland,2-Wheelers,0,592
2021-11-01,Nagaland,4-Wheelers,0,692
2021-11-01,Tripura,2-Wheelers,0,3843
2021-11-01,Tripura,4-Wheelers,0,326
2021-12-01,Andaman & Nicobar Island,2-Wheelers,0,376
2021-12-01,Arunachal Pradesh,2-Wheelers,0,1036
2021-12-01,Arunachal Pradesh,4-Wheelers,0,709
2021-12-01,Jammu and Kashmir,4-Wheelers,0,5306
2021-12-01,Ladakh,2-Wheelers,0,15
2021-12-01,Ladakh,4-Wheelers,0,167
2021-12-01,Manipur,4-Wheelers,0,849
2021-12-01,Meghalaya,2-Wheelers,0,1101
2021-12-01,Meghalaya,4-Wheelers,0,888
2021-12-01,Mizoram,2-Wheelers,0,1740
2021-12-01,Mizoram,4-Wheelers,0,376
2021-12-01,Nagaland,2-Wheelers,0,353
2021-12-01,Nagaland,4-Wheelers,0,540
2021-12-01,Tripura,4-Wheelers,0,352
2022-01-01,Andaman & Nicobar Island,2-Wheelers,0,336
2022-01-01,Andaman & Nicobar Island,4-Wheelers,0,90
2022-01-01,Arunachal Pradesh,2-Wheelers,0,950
2022-01-01,Arunachal Pradesh,4-Wheelers,0,766
2022-01-01,Assam,4-Wheelers,0,5550
2022-01-01,DNH and DD,4-Wheelers,0,358
2022-01-01,Jammu and Kashmir,4-Wheelers,0,3963
2022-01-01,Ladakh,4-Wheelers,0,150
2022-01-01,Manipur,4-Wheelers,0,687
2022-01-01,Meghalaya,2-Wheelers,0,1112
2022-01-01,Meghalaya,4-Wheelers,0,1063
2022-01-01,Mizoram,2-Wheelers,0,1387
2022-01-01,Mizoram,4-Wheelers,0,311
2022-01-01,Nagaland,2-Wheelers,0,410
2022-01-01,Nagaland,4-Wheelers,0,722
2022-01-01,Puducherry,4-Wheelers,0,758
2022-01-01,Tripura,4-Wheelers,0,394
2022-02-01,Andaman & Nicobar Island,2-Wheelers,0,388
2022-02-01,Andaman & Nicobar Island,4-Wheelers,0,112
2022-02-01,Arunachal Pradesh,2-Wheelers,0,858
2022-02-01,Arunachal Pradesh,4-Wheelers,0,671
2022-02-01,Ladakh,2-Wheelers,0,15
2022-02-01,Ladakh,4-Wheelers,0,44
2022-02-01,Manipur,4-Wheelers,0,834
2022-02-01,Meghalaya,2-Wheelers,0,1145
2022-02-01,Mizoram,2-Wheelers,0,1599
2022-02-01,Mizoram,4-Wheelers,0,354
2022-02-01,Nagaland,2-Wheelers,0,504
2022-02-01,Nagaland,4-Wheelers,0,773
2022-02-01,Puducherry,4-Wheelers,0,622
2022-02-01,Tripura,4-Wheelers,0,340
2022-03-01,Andaman & Nicobar Island,2-Wheelers,0,383
2022-03-01,Arunachal Pradesh,2-Wheelers,0,1111
2022-03-01,Arunachal Pradesh,4-Wheelers,0,679
2022-03-01,Ladakh,2-Wheelers,0,49
2022-03-01,Ladakh,4-Wheelers,0,49
2022-03-01,Manipur,4-Wheelers,0,717
2022-03-01,Meghalaya,2-Wheelers,0,1687
2022-03-01,Meghalaya,4-Wheelers,0,1104
2022-03-01,Mizoram,2-Wheelers,0,1848
2022-03-01,Mizoram,4-Wheelers,0,413
2022-03-01,Nagaland,2-Wheelers,0,541
2022-03-01,Nagaland,4-Wheelers,0,632
2022-03-01,Tripura,4-Wheelers,0,484
2022-04-01,Andaman & Nicobar Island,2-Wheelers,0,407
2022-04-01,Arunachal Pradesh,2-Wheelers,0,1063
2022-04-01,Arunachal Pradesh,4-Wheelers,0,824
2022-04-01,Ladakh,2-Wheelers,0,351
2022-04-01,Ladakh,4-Wheelers,0,105
2022-04-01,Mizoram,2-Wheelers,0,1530
2022-04-01,Mizoram,4-Wheelers,0,323
2022-04-01,Nagaland,4-Wheelers,0,723
2022-04-01,Tripura,4-Wheelers,0,448
2022-05-01,Andaman & Nicobar Island,2-Wheelers,0,358
2022-05-01,Andaman & Nicobar Island,4-Wheelers,0,110
2022-05-01,Arunachal Pradesh,2-Wheelers,0,1241
2022-05-01,Arunachal Pradesh,4-Wheelers,0,965
2022-05-01,Ladakh,2-Wheelers,0,419
2022-05-01,Ladakh,4-Wheelers,0,322
2022-05-01,Manipur,4-Wheelers,0,644
2022-05-01,Meghalaya,2-Wheelers,0,1780
2022-05-01,Mizoram,4-Wheelers,0,397
2022-05-01,Nagaland,4-Wheelers,0,630
2022-05-01,Tripura,4-Wheelers,0,359
2022-06-01,Andaman & Nicobar Island,2-Wheelers,0,423
2022-06-01,Andaman & Nicobar Island,4-Wheelers,0,115
2022-06-01,Arunachal Pradesh,2-Wheelers,0,1253
2022-06-01,Arunachal Pradesh,4-Wheelers,0,1021
2022-06-01,Ladakh,4-Wheelers,0,310
2022-06-01,Manipur,4-Wheelers,0,1029
2022-06-01,Mizoram,4-Wheelers,0,373
2022-06-01,Nagaland,2-Wheelers,0,594
2022-06-01,Nagaland,4-Wheelers,0,735
2022-06-01,Tripura,4-Wheelers,0,354
2022-07-01,Andaman & Nicobar Island,2-Wheelers,0,385
2022-07-01,Andaman & Nicobar Island,4-Wheelers,0,127
2022-07-01,Arunachal Pradesh,2-Wheelers,0,1181
2022-07-01,DNH and DD,4-Wheelers,0,344
2022-07-01,Ladakh,2-Wheelers,0,314
2022-07-01,Manipur,4-Wheelers,0,775
2022-07-01,Mizoram,4-Wheelers,0,319
2022-07-01,Nagaland,2-Wheelers,0,505
2022-07-01,Nagaland,4-Wheelers,0,591
2022-07-01,Tripura,4-Wheelers,0,402
2022-08-01,Andaman & Nicobar Island,2-Wheelers,0,398
2022-08-01,Andaman & Nicobar Island,4-Wheelers,0,154
2022-08-01,Arunachal Pradesh,2-Wheelers,0,1244
2022-08-01,Arunachal Pradesh,4-Wheelers,0,866
2022-08-01,Ladakh,2-Wheelers,0,222
2022-08-01,Manipur,4-Wheelers,0,623
2022-08-01,Meghalaya,4-Wheelers,0,1120
2022-08-01,Mizoram,4-Wheelers,0,408
2022-08-01,Nagaland,2-Wheelers,0,554
2022-08-01,Nagaland,4-Wheelers,0,844
2022-08-01,Tripura,4-Wheelers,0,403
2022-09-01,Andaman & Nicobar Island,2-Wheelers,0,484
2022-09-01,Andaman & Nicobar Island,4-Wheelers,0,128
2022-09-01,Arunachal Pradesh,2-Wheelers,0,1068
2022-09-01,Arunachal Pradesh,4-Wheelers,0,931
2022-09-01,Ladakh,2-Wheelers,0,30
2022-09-01,Ladakh,4-Wheelers,0,189
2022-09-01,Manipur,4-Wheelers,0,820
2022-09-01,Mizoram,4-Wheelers,0,379
2022-09-01,Nagaland,2-Wheelers,0,589
2022-09-01,Nagaland,4-Wheelers,0,780
2022-09-01,Tripura,4-Wheelers,0,465
2022-10-01,Andaman & Nicobar Island,2-Wheelers,0,409
2022-10-01,Andaman & Nicobar Island,4-Wheelers,0,144
2022-10-01,Arunachal Pradesh,2-Wheelers,0,850
2022-10-01,Arunachal Pradesh,4-Wheelers,0,741
2022-10-01,Ladakh,2-Wheelers,0,27
2022-10-01,Ladakh,4-Wheelers,0,264
2022-10-01,Manipur,4-Wheelers,0,596
2022-10-01,Mizoram,4-Wheelers,0,362
2022-10-01,Nagaland,2-Wheelers,0,374
2022-10-01,Nagaland,4-Wheelers,0,690
2022-10-01,Tripura,4-Wheelers,0,416
2022-11-01,Arunachal Pradesh,2-Wheelers,0,1251
2022-11-01,Arunachal Pradesh,4-Wheelers,0,971
2022-11-01,Jammu and Kashmir,4-Wheelers,0,4102
2022-11-01,Ladakh,2-Wheelers,0,23
2022-11-01,Ladakh,4-Wheelers,0,244
2022-11-01,Manipur,4-Wheelers,0,1569
2022-11-01,Meghalaya,4-Wheelers,0,1158
2022-11-01,Mizoram,4-Wheelers,0,378
2022-11-01,Nagaland,2-Wheelers,0,447
2022-11-01,Nagaland,4-Wheelers,0,724
2022-11-01,Punjab,4-Wheelers,0,8875
2022-11-01,Tripura,4-Wheelers,0,410
2022-12-01,Arunachal Pradesh,4-Wheelers,0,865
2022-12-01,Ladakh,2-Wheelers,0,16
2022-12-01,Ladakh,4-Wheelers,0,144
2022-12-01,Manipur,4-Wheelers,0,1478
2022-12-01,Meghalaya,4-Wheelers,0,1150
2022-12-01,Mizoram,4-Wheelers,0,445
2022-12-01,Nagaland,2-Wheelers,0,369
2022-12-01,Nagaland,4-Wheelers,0,490
2022-12-01,Tripura,4-Wheelers,0,385
2023-01-01,Andaman & Nicobar Island,2-Wheelers,0,373
2023-01-01,Andaman & Nicobar Island,4-Wheelers,0,153
2023-01-01,Arunachal Pradesh,2-Wheelers,0,718
2023-01-01,Arunachal Pradesh,4-Wheelers,0,966
2023-01-01,Ladakh,4-Wheelers,0,92
2023-01-01,Mizoram,4-Wheelers,0,476
2023-01-01,Nagaland,2-Wheelers,0,432
2023-01-01,Nagaland,4-Wheelers,0,545
2023-01-01,Punjab,4-Wheelers,0,11608
2023-01-01,Tripura,4-Wheelers,0,399
2023-02-01,Andaman & Nicobar Island,2-Wheelers,0,346
2023-02-01,Andaman & Nicobar Island,4-Wheelers,0,148
2023-02-01,Arunachal Pradesh,2-Wheelers,0,816
2023-02-01,Arunachal Pradesh,4-Wheelers,0,840
2023-02-01,Ladakh,2-Wheelers,0,5
2023-02-01,Ladakh,4-Wheelers,0,49
2023-02-01,Meghalaya,4-Wheelers,0,1002
2023-02-01,Mizoram,4-Wheelers,0,337
2023-02-01,Nagaland,2-Wheelers,0,375
2023-02-01,Nagaland,4-Wheelers,0,806
2023-02-01,Tripura,4-Wheelers,0,328
2023-03-01,Arunachal Pradesh,2-Wheelers,0,1131
2023-03-01,Arunachal Pradesh,4-Wheelers,0,1048
2023-03-01,Ladakh,2-Wheelers,0,30
2023-03-01,Ladakh,4-Wheelers,0,59
2023-03-01,Manipur,4-Wheelers,0,320
2023-03-01,Meghalaya,4-Wheelers,0,1369
2023-03-01,Mizoram,4-Wheelers,0,433
2023-03-01,Nagaland,2-Wheelers,0,693
2023-03-01,Nagaland,4-Wheelers,0,820
2023-04-01,Andaman & Nicobar Island,2-Wheelers,0,325
2023-04-01,Arunachal Pradesh,2-Wheelers,0,971
2023-04-01,Ladakh,2-Wheelers,0,43
2023-04-01,Ladakh,4-Wheelers,0,219
2023-04-01,Manipur,4-Wheelers,0,942
2023-04-01,Mizoram,4-Wheelers,0,336
2023-04-01,Nagaland,2-Wheelers,0,560
2023-05-01,Andaman & Nicobar Island,2-Wheelers,0,436
2023-05-01,Andaman & Nicobar Island,4-Wheelers,0,150
2023-05-01,Arunachal Pradesh,4-Wheelers,0,1132
2023-05-01,Ladakh,4-Wheelers,0,364
2023-05-01,Mizoram,4-Wheelers,0,382
2023-05-01,Nagaland,2-Wheelers,0,610
2023-05-01,Nagaland,4-Wheelers,0,796
2023-06-01,Andaman & Nicobar Island,2-Wheelers,0,373
2023-06-01,Arunachal Pradesh,2-Wheelers,0,1141
2023-06-01,Arunachal Pradesh,4-Wheelers,0,1089
2023-06-01,Ladakh,4-Wheelers,0,304
2023-06-01,Manipur,4-Wheelers,0,220
2023-06-01,Mizoram,4-Wheelers,0,383
2023-06-01,Nagaland,2-Wheelers,0,650
2023-06-01,Nagaland,4-Wheelers,0,620
2023-07-01,Andaman & Nicobar Island,2-Wheelers,0,424
2023-07-01,Arunachal Pradesh,2-Wheelers,0,1315
2023-07-01,Ladakh,4-Wheelers,0,301
2023-07-01,Mizoram,4-Wheelers,0,439
2023-08-01,Andaman & Nicobar Island,2-Wheelers,0,477
2023-08-01,Arunachal Pradesh,2-Wheelers,0,1292
2023-08-01,Ladakh,2-Wheelers,0,63
2023-08-01,Ladakh,4-Wheelers,0,278
2023-08-01,Mizoram,4-Wheelers,0,410
2023-08-01,Nagaland,2-Wheelers,0,592
2023-08-01,Nagaland,4-Wheelers,0,760
2023-09-01,Andaman & Nicobar Island,2-Wheelers,0,379
2023-09-01,Arunachal Pradesh,2-Wheelers,0,1274
2023-09-01,Ladakh,2-Wheelers,0,40
2023-09-01,Ladakh,4-Wheelers,0,211
2023-09-01,Manipur,2-Wheelers,0,426
2023-09-01,Manipur,4-Wheelers,0,239
2023-09-01,Mizoram,4-Wheelers,0,415
2023-09-01,Nagaland,4-Wheelers,0,654
2023-10-01,Arunachal Pradesh,2-Wheelers,0,1281
2023-10-01,Ladakh,2-Wheelers,0,33
2023-10-01,Ladakh,4-Wheelers,0,187
2023-10-01,Mizoram,4-Wheelers,0,453
2023-10-01,Nagaland,2-Wheelers,0,471
2023-10-01,Nagaland,4-Wheelers,0,743
2023-11-01,Arunachal Pradesh,2-Wheelers,0,1458
2023-11-01,Ladakh,2-Wheelers,0,39
2023-11-01,Ladakh,4-Wheelers,0,166
2023-11-01,Mizoram,4-Wheelers,0,531
2023-12-01,Ladakh,2-Wheelers,0,7
2023-12-01,Ladakh,4-Wheelers,0,144
2023-12-01,Mizoram,4-Wheelers,0,568
2023-12-01,Nagaland,2-Wheelers,0,421
2023-12-01,Nagaland,4-Wheelers,0,562
2024-01-01,Arunachal Pradesh,2-Wheelers,0,995
2024-01-01,Nagaland,2-Wheelers,0,505
2024-01-01,Ladakh,4-Wheelers,0,141
2024-01-01,Andaman & Nicobar,4-Wheelers,0,177
2024-01-01,Nagaland,4-Wheelers,0,877
2024-02-01,Arunachal Pradesh,2-Wheelers,0,1117
2024-02-01,Nagaland,2-Wheelers,0,763
2024-02-01,Ladakh,2-Wheelers,0,4
2024-02-01,Mizoram,4-Wheelers,0,494
2024-02-01,Ladakh,4-Wheelers,0,47
2024-03-01,Arunachal Pradesh,2-Wheelers,0,1259
2024-03-01,Ladakh,2-Wheelers,0,11
2024-03-01,Mizoram,4-Wheelers,0,463
2024-03-01,Nagaland,4-Wheelers,0,1336
2024-03-01,Ladakh,4-Wheelers,0,81
2021-04-01,DNH and DD,2-Wheelers,1,657
2021-04-01,Himachal Pradesh,4-Wheelers,1,3544
2021-04-01,Meghalaya,4-Wheelers,1,930
2021-05-01,Chandigarh,4-Wheelers,1,413
2021-05-01,Haryana,4-Wheelers,1,4373
2021-05-01,Himachal Pradesh,4-Wheelers,1,1503
2021-05-01,Jharkhand,4-Wheelers,1,2290
2021-05-01,Madhya Pradesh,2-Wheelers,1,6302
2021-05-01,Meghalaya,4-Wheelers,1,88
2021-06-01,Assam,4-Wheelers,1,3842
2021-06-01,DNH and DD,4-Wheelers,1,234
2021-06-01,Himachal Pradesh,4-Wheelers,1,3193
2021-06-01,Jammu and Kashmir,4-Wheelers,1,4469
2021-06-01,Tripura,2-Wheelers,1,1523
2021-07-01,Jammu and Kashmir,4-Wheelers,1,5336
2021-07-01,Meghalaya,4-Wheelers,1,759
2021-08-01,Andaman & Nicobar Island,4-Wheelers,1,110
2021-08-01,Puducherry,4-Wheelers,1,837
2021-09-01,DNH and DD,2-Wheelers,1,666
2021-09-01,Himachal Pradesh,4-Wheelers,1,3379
2021-09-01,Jammu and Kashmir,4-Wheelers,1,3773
2021-09-01,Nagaland,2-Wheelers,1,578
2021-10-01,Andaman & Nicobar Island,4-Wheelers,1,70
2021-10-01,DNH and DD,2-Wheelers,1,628
2021-10-01,DNH and DD,4-Wheelers,1,333
2021-10-01,Himachal Pradesh,4-Wheelers,1,3201
2021-11-01,DNH and DD,2-Wheelers,1,938
2021-11-01,Puducherry,4-Wheelers,1,532
2021-12-01,Andaman & Nicobar Island,4-Wheelers,1,122
2021-12-01,DNH and DD,4-Wheelers,1,336
2021-12-01,Himachal Pradesh,4-Wheelers,1,4105
2021-12-01,Tripura,2-Wheelers,1,3579
2022-02-01,DNH and DD,4-Wheelers,1,354
2022-02-01,Meghalaya,4-Wheelers,1,917
2022-03-01,DNH and DD,4-Wheelers,1,355
2022-04-01,Andaman & Nicobar Island,4-Wheelers,1,147
2022-04-01,DNH and DD,4-Wheelers,1,431
2022-04-01,Manipur,2-Wheelers,1,1246
2022-04-01,Manipur,4-Wheelers,1,813
2022-04-01,Meghalaya,4-Wheelers,1,860
2022-05-01,DNH and DD,4-Wheelers,1,374
2022-05-01,Mizoram,2-Wheelers,1,1638
2022-05-01,Nagaland,2-Wheelers,1,514
2022-06-01,DNH and DD,2-Wheelers,1,767
2022-06-01,Meghalaya,4-Wheelers,1,1087
2022-07-01,Arunachal Pradesh,4-Wheelers,1,947
2022-07-01,Ladakh,4-Wheelers,1,285
2022-07-01,Mizoram,2-Wheelers,1,1427
2022-08-01,DNH and DD,4-Wheelers,1,303
2022-09-01,DNH and DD,4-Wheelers,1,390
2022-09-01,Manipur,2-Wheelers,1,2473
2022-09-01,Meghalaya,2-Wheelers,1,1719
2022-10-01,Meghalaya,4-Wheelers,1,1188
2022-11-01,Andaman & Nicobar Island,4-Wheelers,1,159
2022-12-01,Arunachal Pradesh,2-Wheelers,1,925
2022-12-01,Meghalaya,2-Wheelers,1,1180
2022-12-01,Punjab,4-Wheelers,1,13085
2023-01-01,DNH and DD,4-Wheelers,1,360
2023-01-01,Ladakh,2-Wheelers,1,20
2023-01-01,Meghalaya,4-Wheelers,1,1271
2023-03-01,Andaman & Nicobar Island,2-Wheelers,1,373
2023-03-01,Andaman & Nicobar Island,4-Wheelers,1,162
2023-03-01,Meghalaya,2-Wheelers,1,1907
2023-04-01,Andaman & Nicobar Island,4-Wheelers,1,122
2023-04-01,Arunachal Pradesh,4-Wheelers,1,892
2023-04-01,DNH and DD,4-Wheelers,1,407
2023-04-01,Nagaland,4-Wheelers,1,687
2023-04-01,Tripura,4-Wheelers,1,299
2023-05-01,Arunachal Pradesh,2-Wheelers,1,1193
2023-06-01,Andaman & Nicobar Island,4-Wheelers,1,136
2023-06-01,DNH and DD,4-Wheelers,1,370
2023-06-01,Meghalaya,2-Wheelers,1,1969
2023-07-01,Ladakh,2-Wheelers,1,117
2023-07-01,Nagaland,2-Wheelers,1,599
2023-07-01,Nagaland,4-Wheelers,1,739
2023-08-01,DNH and DD,4-Wheelers,1,357
2023-09-01,Andaman & Nicobar Island,4-Wheelers,1,148
2023-09-01,Nagaland,2-Wheelers,1,531
2023-10-01,Andaman & Nicobar Island,2-Wheelers,1,404
2023-10-01,Andaman & Nicobar Island,4-Wheelers,1,191
2023-10-01,Meghalaya,2-Wheelers,1,1776
2023-10-01,Meghalaya,4-Wheelers,1,1354
2023-11-01,Andaman & Nicobar Island,4-Wheelers,1,170
2023-11-01,Nagaland,2-Wheelers,1,634
2023-11-01,Nagaland,4-Wheelers,1,860
2023-12-01,Meghalaya,2-Wheelers,1,1518
2023-12-01,Meghalaya,4-Wheelers,1,1060
2024-01-01,Mizoram,4-Wheelers,1,513
2024-01-01,Meghalaya,4-Wheelers,1,1429
2024-02-01,Andaman & Nicobar Island,4-Wheelers,1,181
2024-02-01,Nagaland,4-Wheelers,1,822
2024-03-01,Andaman & Nicobar Island,4-Wheelers,1,158
2024-03-01,Arunachal Pradesh,4-Wheelers,1,1081
2021-04-01,Andaman & Nicobar Island,4-Wheelers,9,168
2021-04-01,Andhra Pradesh,4-Wheelers,26,7837
2021-04-01,Bihar,4-Wheelers,4,5731
2021-04-01,Chandigarh,4-Wheelers,2,1426
2021-04-01,Delhi,4-Wheelers,61,8076
2021-04-01,Goa,4-Wheelers,8,1442
2021-04-01,Gujarat,4-Wheelers,44,17386
2021-04-01,Haryana,4-Wheelers,3,15476
2021-04-01,Jharkhand,4-Wheelers,3,3425
2021-04-01,Karnataka,4-Wheelers,90,16864
2021-04-01,Kerala,4-Wheelers,132,23660
2021-04-01,Madhya Pradesh,4-Wheelers,2,5356
2021-04-01,Maharashtra,4-Wheelers,96,16829
2021-04-01,Odisha,4-Wheelers,5,5101
2021-04-01,Punjab,4-Wheelers,4,8955
2021-04-01,Rajasthan,4-Wheelers,22,10647
2021-04-01,Tamil Nadu,4-Wheelers,75,18826
2021-04-01,Uttar Pradesh,4-Wheelers,4,23056
2021-04-01,Uttarakhand,4-Wheelers,10,2728
2021-04-01,West Bengal,4-Wheelers,24,7640
2021-05-01,Andhra Pradesh,4-Wheelers,16,5831
2021-05-01,Goa,4-Wheelers,4,393
2021-05-01,Gujarat,4-Wheelers,29,15959
2021-05-01,Karnataka,4-Wheelers,2,646
2021-05-01,Kerala,4-Wheelers,48,5164
2021-05-01,Maharashtra,4-Wheelers,121,13528
2021-05-01,Puducherry,4-Wheelers,2,119
2021-05-01,Rajasthan,4-Wheelers,7,2756
2021-05-01,Tamil Nadu,4-Wheelers,14,3413
2021-05-01,Uttar Pradesh,4-Wheelers,3,14016
2021-05-01,West Bengal,4-Wheelers,6,3962
2021-06-01,Andhra Pradesh,4-Wheelers,39,6098
2021-06-01,Bihar,4-Wheelers,4,5692
2021-06-01,Chandigarh,4-Wheelers,12,2050
2021-06-01,Chhattisgarh,4-Wheelers,5,4526
2021-06-01,Delhi,4-Wheelers,148,12914
2021-06-01,Goa,4-Wheelers,14,749
2021-06-01,Gujarat,4-Wheelers,61,19359
2021-06-01,Haryana,4-Wheelers,4,13420
2021-06-01,Jharkhand,4-Wheelers,4,4405
2021-06-01,Karnataka,4-Wheelers,71,8030
2021-06-01,Kerala,4-Wheelers,140,10018
2021-06-01,Madhya Pradesh,4-Wheelers,13,12092
2021-06-01,Maharashtra,4-Wheelers,190,24817
2021-06-01,Odisha,4-Wheelers,2,3041
2021-06-01,Punjab,4-Wheelers,3,7126
2021-06-01,Rajasthan,4-Wheelers,34,12070
2021-06-01,Tamil Nadu,4-Wheelers,42,7793
2021-06-01,Uttar Pradesh,4-Wheelers,3,25704
2021-06-01,Uttarakhand,4-Wheelers,7,2972
2021-06-01,West Bengal,4-Wheelers,18,6316
2021-07-01,Andaman & Nicobar Island,4-Wheelers,8,176
2021-07-01,Andhra Pradesh,4-Wheelers,36,7877
2021-07-01,Bihar,4-Wheelers,5,5438
2021-07-01,Chandigarh,4-Wheelers,9,1916
2021-07-01,Chhattisgarh,4-Wheelers,12,4916
2021-07-01,Delhi,4-Wheelers,131,15033
2021-07-01,Goa,4-Wheelers,10,982
2021-07-01,Gujarat,4-Wheelers,53,23792
2021-07-01,Haryana,4-Wheelers,6,14524
2021-07-01,Himachal Pradesh,4-Wheelers,2,3811
2021-07-01,Jharkhand,4-Wheelers,4,5020
2021-07-01,Karnataka,4-Wheelers,196,21640
2021-07-01,Kerala,4-Wheelers,139,18406
2021-07-01,Madhya Pradesh,4-Wheelers,17,14581
2021-07-01,Maharashtra,4-Wheelers,286,38063
2021-07-01,Odisha,4-Wheelers,3,5552
2021-07-01,Punjab,4-Wheelers,3,9328
2021-07-01,Rajasthan,4-Wheelers,52,14374
2021-07-01,Tamil Nadu,4-Wheelers,88,20857
2021-07-01,Uttar Pradesh,4-Wheelers,8,27999
2021-07-01,Uttarakhand,4-Wheelers,11,4182
2021-07-01,West Bengal,4-Wheelers,37,8919
2021-08-01,Andhra Pradesh,4-Wheelers,78,8245
2021-08-01,Assam,4-Wheelers,2,6447
2021-08-01,Bihar,4-Wheelers,7,5724
2021-08-01,Chandigarh,4-Wheelers,9,1845
2021-08-01,Chhattisgarh,4-Wheelers,11,4350
2021-08-01,Delhi,4-Wheelers,157,13177
2021-08-01,Goa,4-Wheelers,19,1439
2021-08-01,Gujarat,4-Wheelers,83,20394
2021-08-01,Haryana,4-Wheelers,3,16027
2021-08-01,Jharkhand,4-Wheelers,3,5113
2021-08-01,Karnataka,4-Wheelers,137,21975
2021-08-01,Kerala,4-Wheelers,183,22813
2021-08-01,Madhya Pradesh,4-Wheelers,26,12758
2021-08-01,Maharashtra,4-Wheelers,197,35127
2021-08-01,Odisha,4-Wheelers,4,5453
2021-08-01,Punjab,4-Wheelers,4,9209
2021-08-01,Rajasthan,4-Wheelers,53,11454
2021-08-01,Tamil Nadu,4-Wheelers,88,20865
2021-08-01,Uttar Pradesh,4-Wheelers,3,24012
2021-08-01,Uttarakhand,4-Wheelers,6,3760
2021-08-01,West Bengal,4-Wheelers,28,9198
2021-09-01,Andhra Pradesh,4-Wheelers,39,7952
2021-09-01,Bihar,4-Wheelers,4,4339
2021-09-01,Chandigarh,4-Wheelers,20,1607
2021-09-01,Chhattisgarh,4-Wheelers,12,3650
2021-09-01,Delhi,4-Wheelers,265,9181
2021-09-01,Goa,4-Wheelers,34,1277
2021-09-01,Gujarat,4-Wheelers,131,24797
2021-09-01,Haryana,4-Wheelers,7,14879
2021-09-01,Jharkhand,4-Wheelers,12,3892
2021-09-01,Karnataka,4-Wheelers,227,21407
2021-09-01,Kerala,4-Wheelers,164,22063
2021-09-01,Madhya Pradesh,4-Wheelers,23,11756
2021-09-01,Maharashtra,4-Wheelers,148,27900
2021-09-01,Odisha,4-Wheelers,2,4865
2021-09-01,Puducherry,4-Wheelers,2,640
2021-09-01,Punjab,4-Wheelers,3,7521
2021-09-01,Rajasthan,4-Wheelers,69,11035
2021-09-01,Tamil Nadu,4-Wheelers,107,18823
2021-09-01,Uttar Pradesh,4-Wheelers,4,23510
2021-09-01,Uttarakhand,4-Wheelers,10,3171
2021-09-01,West Bengal,4-Wheelers,34,9437
2021-10-01,Andhra Pradesh,4-Wheelers,37,7366
2021-10-01,Bihar,4-Wheelers,7,5838
2021-10-01,Chandigarh,4-Wheelers,12,1816
2021-10-01,Chhattisgarh,4-Wheelers,11,5255
2021-10-01,Delhi,4-Wheelers,253,12876
2021-10-01,Goa,4-Wheelers,28,1165
2021-10-01,Gujarat,4-Wheelers,104,23184
2021-10-01,Haryana,4-Wheelers,8,11634
2021-10-01,Jammu and Kashmir,4-Wheelers,2,4205
2021-10-01,Jharkhand,4-Wheelers,5,4806
2021-10-01,Karnataka,4-Wheelers,163,18505
2021-10-01,Kerala,4-Wheelers,158,14562
2021-10-01,Madhya Pradesh,4-Wheelers,20,9554
2021-10-01,Maharashtra,4-Wheelers,298,33771
2021-10-01,Odisha,4-Wheelers,2,5830
2021-10-01,Punjab,4-Wheelers,5,8523
2021-10-01,Rajasthan,4-Wheelers,86,12823
2021-10-01,Tamil Nadu,4-Wheelers,119,14796
2021-10-01,Uttar Pradesh,4-Wheelers,10,23095
2021-10-01,Uttarakhand,4-Wheelers,13,3523
2021-10-01,West Bengal,4-Wheelers,33,7120
2021-11-01,Andhra Pradesh,4-Wheelers,34,7374
2021-11-01,Bihar,4-Wheelers,11,6992
2021-11-01,Chandigarh,4-Wheelers,16,1919
2021-11-01,Chhattisgarh,4-Wheelers,14,4824
2021-11-01,Delhi,4-Wheelers,185,11782
2021-11-01,Goa,4-Wheelers,20,1293
2021-11-01,Gujarat,4-Wheelers,121,22396
2021-11-01,Haryana,4-Wheelers,13,16035
2021-11-01,Jharkhand,4-Wheelers,8,5320
2021-11-01,Karnataka,4-Wheelers,153,17247
2021-11-01,Kerala,4-Wheelers,214,15244
2021-11-01,Madhya Pradesh,4-Wheelers,31,12871
2021-11-01,Maharashtra,4-Wheelers,515,28322
2021-11-01,Odisha,4-Wheelers,18,5095
2021-11-01,Punjab,4-Wheelers,3,9015
2021-11-01,Rajasthan,4-Wheelers,79,16115
2021-11-01,Tamil Nadu,4-Wheelers,108,15533
2021-11-01,Uttar Pradesh,4-Wheelers,10,29608
2021-11-01,Uttarakhand,4-Wheelers,12,3954
2021-11-01,West Bengal,4-Wheelers,59,8836
2021-12-01,Andhra Pradesh,4-Wheelers,31,6314
2021-12-01,Assam,4-Wheelers,3,6737
2021-12-01,Bihar,4-Wheelers,7,5031
2021-12-01,Chandigarh,4-Wheelers,12,1985
2021-12-01,Chhattisgarh,4-Wheelers,5,3651
2021-12-01,Delhi,4-Wheelers,277,12633
2021-12-01,Goa,4-Wheelers,19,1306
2021-12-01,Gujarat,4-Wheelers,163,24277
2021-12-01,Haryana,4-Wheelers,11,16015
2021-12-01,Jharkhand,4-Wheelers,3,4258
2021-12-01,Karnataka,4-Wheelers,153,16243
2021-12-01,Kerala,4-Wheelers,186,16994
2021-12-01,Madhya Pradesh,4-Wheelers,30,11820
2021-12-01,Maharashtra,4-Wheelers,1392,29346
2021-12-01,Odisha,4-Wheelers,20,4634
2021-12-01,Puducherry,4-Wheelers,2,608
2021-12-01,Punjab,4-Wheelers,6,10624
2021-12-01,Rajasthan,4-Wheelers,73,12739
2021-12-01,Tamil Nadu,4-Wheelers,121,17001
2021-12-01,Uttar Pradesh,4-Wheelers,21,33774
2021-12-01,Uttarakhand,4-Wheelers,38,4270
2021-12-01,West Bengal,4-Wheelers,39,8452
2022-01-01,Andhra Pradesh,4-Wheelers,29,8418
2022-01-01,Bihar,4-Wheelers,10,5538
2022-01-01,Chandigarh,4-Wheelers,7,1519
2022-01-01,Chhattisgarh,4-Wheelers,11,4667
2022-01-01,Delhi,4-Wheelers,282,13659
2022-01-01,Goa,4-Wheelers,26,1185
2022-01-01,Gujarat,4-Wheelers,97,21963
2022-01-01,Haryana,4-Wheelers,26,17633
2022-01-01,Himachal Pradesh,4-Wheelers,3,3090
2022-01-01,Jharkhand,4-Wheelers,5,4345
2022-01-01,Karnataka,4-Wheelers,209,21967
2022-01-01,Kerala,4-Wheelers,212,17441
2022-01-01,Madhya Pradesh,4-Wheelers,25,11325
2022-01-01,Maharashtra,4-Wheelers,263,35772
2022-01-01,Odisha,4-Wheelers,27,5876
2022-01-01,Punjab,4-Wheelers,7,9792
2022-01-01,Rajasthan,4-Wheelers,92,13658
2022-01-01,Tamil Nadu,4-Wheelers,121,20494
2022-01-01,Uttar Pradesh,4-Wheelers,14,32561
2022-01-01,Uttarakhand,4-Wheelers,30,4241
2022-01-01,West Bengal,4-Wheelers,54,7968
2022-02-01,Andhra Pradesh,4-Wheelers,43,6361
2022-02-01,Assam,4-Wheelers,3,6152
2022-02-01,Bihar,4-Wheelers,8,5658
2022-02-01,Chandigarh,4-Wheelers,11,1941
2022-02-01,Chhattisgarh,4-Wheelers,20,3922
2022-02-01,Delhi,4-Wheelers,298,12608
2022-02-01,Goa,4-Wheelers,62,1160
2022-02-01,Gujarat,4-Wheelers,128,24012
2022-02-01,Haryana,4-Wheelers,28,16353
2022-02-01,Himachal Pradesh,4-Wheelers,5,3616
2022-02-01,Jammu and Kashmir,4-Wheelers,7,4679
2022-02-01,Jharkhand,4-Wheelers,4,4335
2022-02-01,Karnataka,4-Wheelers,202,17561
2022-02-01,Kerala,4-Wheelers,327,14575
2022-02-01,Madhya Pradesh,4-Wheelers,22,11274
2022-02-01,Maharashtra,4-Wheelers,905,31805
2022-02-01,Odisha,4-Wheelers,27,5023
2022-02-01,Punjab,4-Wheelers,5,9464
2022-02-01,Rajasthan,4-Wheelers,116,14811
2022-02-01,Tamil Nadu,4-Wheelers,135,16711
2022-02-01,Uttar Pradesh,4-Wheelers,22,28479
2022-02-01,Uttarakhand,4-Wheelers,24,3820
2022-02-01,West Bengal,4-Wheelers,45,7395
2022-03-01,Andaman & Nicobar Island,4-Wheelers,2,108
2022-03-01,Andhra Pradesh,4-Wheelers,55,7288
2022-03-01,Assam,4-Wheelers,2,7281
2022-03-01,Bihar,4-Wheelers,12,6694
2022-03-01,Chandigarh,4-Wheelers,14,2279
2022-03-01,Chhattisgarh,4-Wheelers,19,4200
2022-03-01,Delhi,4-Wheelers,220,13385
2022-03-01,Goa,4-Wheelers,91,1474
2022-03-01,Gujarat,4-Wheelers,249,26077
2022-03-01,Haryana,4-Wheelers,13,18621
2022-03-01,Himachal Pradesh,4-Wheelers,3,3371
2022-03-01,Jammu and Kashmir,4-Wheelers,4,4854
2022-03-01,Jharkhand,4-Wheelers,5,5062
2022-03-01,Karnataka,4-Wheelers,230,22167
2022-03-01,Kerala,4-Wheelers,331,16628
2022-03-01,Madhya Pradesh,4-Wheelers,35,11616
2022-03-01,Maharashtra,4-Wheelers,2060,39762
2022-03-01,Odisha,4-Wheelers,31,6098
2022-03-01,Puducherry,4-Wheelers,3,817
2022-03-01,Punjab,4-Wheelers,4,10836
2022-03-01,Rajasthan,4-Wheelers,89,13751
2022-03-01,Tamil Nadu,4-Wheelers,168,20604
2022-03-01,Uttar Pradesh,4-Wheelers,18,29324
2022-03-01,Uttarakhand,4-Wheelers,20,4026
2022-03-01,West Bengal,4-Wheelers,41,8539
2022-04-01,Andhra Pradesh,4-Wheelers,54,7195
2022-04-01,Assam,4-Wheelers,2,6354
2022-04-01,Bihar,4-Wheelers,8,5981
2022-04-01,Chandigarh,4-Wheelers,12,2167
2022-04-01,Chhattisgarh,4-Wheelers,20,4861
2022-04-01,Delhi,4-Wheelers,566,15811
2022-04-01,Goa,4-Wheelers,31,1390
2022-04-01,Gujarat,4-Wheelers,171,26534
2022-04-01,Haryana,4-Wheelers,11,16721
2022-04-01,Himachal Pradesh,4-Wheelers,4,3140
2022-04-01,Jammu and Kashmir,4-Wheelers,3,4468
2022-04-01,Jharkhand,4-Wheelers,9,4564
2022-04-01,Karnataka,4-Wheelers,311,24129
2022-04-01,Kerala,4-Wheelers,275,16142
2022-04-01,Madhya Pradesh,4-Wheelers,37,11896
2022-04-01,Maharashtra,4-Wheelers,354,32449
2022-04-01,Odisha,4-Wheelers,31,5448
2022-04-01,Puducherry,4-Wheelers,2,702
2022-04-01,Punjab,4-Wheelers,3,10147
2022-04-01,Rajasthan,4-Wheelers,87,15176
2022-04-01,Tamil Nadu,4-Wheelers,154,17499
2022-04-01,Uttar Pradesh,4-Wheelers,11,32173
2022-04-01,Uttarakhand,4-Wheelers,49,4116
2022-04-01,West Bengal,4-Wheelers,40,8560
2022-05-01,Andhra Pradesh,4-Wheelers,59,6927
2022-05-01,Assam,4-Wheelers,7,6761
2022-05-01,Bihar,4-Wheelers,12,6495
2022-05-01,Chandigarh,4-Wheelers,20,2248
2022-05-01,Chhattisgarh,4-Wheelers,24,4397
2022-05-01,Delhi,4-Wheelers,750,15194
2022-05-01,Goa,4-Wheelers,51,1360
2022-05-01,Gujarat,4-Wheelers,163,23174
2022-05-01,Haryana,4-Wheelers,31,18343
2022-05-01,Himachal Pradesh,4-Wheelers,3,3778
2022-05-01,Jammu and Kashmir,4-Wheelers,2,4775
2022-05-01,Jharkhand,4-Wheelers,3,4306
2022-05-01,Karnataka,4-Wheelers,241,20924
2022-05-01,Kerala,4-Wheelers,258,15706
2022-05-01,Madhya Pradesh,4-Wheelers,43,14017
2022-05-01,Maharashtra,4-Wheelers,794,34222
2022-05-01,Meghalaya,4-Wheelers,3,1051
2022-05-01,Odisha,4-Wheelers,40,5583
2022-05-01,Puducherry,4-Wheelers,2,726
2022-05-01,Punjab,4-Wheelers,2,9843
2022-05-01,Rajasthan,4-Wheelers,124,17047
2022-05-01,Tamil Nadu,4-Wheelers,202,19368
2022-05-01,Uttar Pradesh,4-Wheelers,26,30695
2022-05-01,Uttarakhand,4-Wheelers,22,3948
2022-05-01,West Bengal,4-Wheelers,76,8341
2022-06-01,Andhra Pradesh,4-Wheelers,47,6652
2022-06-01,Assam,4-Wheelers,9,5825
2022-06-01,Bihar,4-Wheelers,16,5543
2022-06-01,Chandigarh,4-Wheelers,19,1993
2022-06-01,Chhattisgarh,4-Wheelers,32,3933
2022-06-01,DNH and DD,4-Wheelers,4,369
2022-06-01,Delhi,4-Wheelers,267,14908
2022-06-01,Goa,4-Wheelers,74,1342
2022-06-01,Gujarat,4-Wheelers,337,26192
2022-06-01,Haryana,4-Wheelers,26,17365
2022-06-01,Himachal Pradesh,4-Wheelers,2,3457
2022-06-01,Jammu and Kashmir,4-Wheelers,4,4239
2022-06-01,Jharkhand,4-Wheelers,19,4097
2022-06-01,Karnataka,4-Wheelers,359,22817
2022-06-01,Kerala,4-Wheelers,345,16486
2022-06-01,Madhya Pradesh,4-Wheelers,42,12480
2022-06-01,Maharashtra,4-Wheelers,1082,35587
2022-06-01,Odisha,4-Wheelers,32,5778
2022-06-01,Puducherry,4-Wheelers,9,808
2022-06-01,Punjab,4-Wheelers,3,9388
2022-06-01,Rajasthan,4-Wheelers,136,13559
2022-06-01,Tamil Nadu,4-Wheelers,199,20592
2022-06-01,Uttar Pradesh,4-Wheelers,17,27820
2022-06-01,Uttarakhand,4-Wheelers,38,3959
2022-06-01,West Bengal,4-Wheelers,91,8407
2022-07-01,Andhra Pradesh,4-Wheelers,63,6757
2022-07-01,Assam,4-Wheelers,11,6769
2022-07-01,Bihar,4-Wheelers,10,5215
2022-07-01,Chandigarh,4-Wheelers,21,2709
2022-07-01,Chhattisgarh,4-Wheelers,29,4394
2022-07-01,Delhi,4-Wheelers,438,16056
2022-07-01,Goa,4-Wheelers,107,1545
2022-07-01,Gujarat,4-Wheelers,308,24735
2022-07-01,Haryana,4-Wheelers,135,17539
2022-07-01,Himachal Pradesh,4-Wheelers,6,3618
2022-07-01,Jammu and Kashmir,4-Wheelers,9,4577
2022-07-01,Jharkhand,4-Wheelers,7,4187
2022-07-01,Karnataka,4-Wheelers,358,19322
2022-07-01,Kerala,4-Wheelers,292,14993
2022-07-01,Madhya Pradesh,4-Wheelers,45,11437
2022-07-01,Maharashtra,4-Wheelers,1098,35100
2022-07-01,Meghalaya,4-Wheelers,2,1053
2022-07-01,Odisha,4-Wheelers,29,5336
2022-07-01,Puducherry,4-Wheelers,5,681
2022-07-01,Punjab,4-Wheelers,7,9415
2022-07-01,Rajasthan,4-Wheelers,102,12817
2022-07-01,Tamil Nadu,4-Wheelers,176,17830
2022-07-01,Uttar Pradesh,4-Wheelers,19,27276
2022-07-01,Uttarakhand,4-Wheelers,34,3820
2022-07-01,West Bengal,4-Wheelers,93,8312
2022-08-01,Andhra Pradesh,4-Wheelers,64,7491
2022-08-01,Assam,4-Wheelers,10,6733
2022-08-01,Bihar,4-Wheelers,15,5012
2022-08-01,Chandigarh,4-Wheelers,19,1903
2022-08-01,Chhattisgarh,4-Wheelers,35,3974
2022-08-01,Delhi,4-Wheelers,443,16315
2022-08-01,Goa,4-Wheelers,44,2364
2022-08-01,Gujarat,4-Wheelers,230,23571
2022-08-01,Haryana,4-Wheelers,163,18545
2022-08-01,Himachal Pradesh,4-Wheelers,2,3517
2022-08-01,Jammu and Kashmir,4-Wheelers,3,4299
2022-08-01,Jharkhand,4-Wheelers,15,4040
2022-08-01,Karnataka,4-Wheelers,363,23924
2022-08-01,Kerala,4-Wheelers,342,21051
2022-08-01,Ladakh,4-Wheelers,9,269
2022-08-01,Madhya Pradesh,4-Wheelers,72,15953
2022-08-01,Maharashtra,4-Wheelers,992,40173
2022-08-01,Odisha,4-Wheelers,43,5716
2022-08-01,Puducherry,4-Wheelers,4,758
2022-08-01,Punjab,4-Wheelers,3,9913
2022-08-01,Rajasthan,4-Wheelers,145,12578
2022-08-01,Tamil Nadu,4-Wheelers,182,20944
2022-08-01,Uttar Pradesh,4-Wheelers,15,25778
2022-08-01,Uttarakhand,4-Wheelers,34,3599
2022-08-01,West Bengal,4-Wheelers,110,9228
2022-09-01,Andhra Pradesh,4-Wheelers,61,8003
2022-09-01,Assam,4-Wheelers,13,8690
2022-09-01,Bihar,4-Wheelers,14,5315
2022-09-01,Chandigarh,4-Wheelers,26,2119
2022-09-01,Chhattisgarh,4-Wheelers,50,3978
2022-09-01,Delhi,4-Wheelers,471,14076
2022-09-01,Goa,4-Wheelers,42,1687
2022-09-01,Gujarat,4-Wheelers,299,25102
2022-09-01,Haryana,4-Wheelers,49,14140
2022-09-01,Himachal Pradesh,4-Wheelers,4,2815
2022-09-01,Jammu and Kashmir,4-Wheelers,4,4432
2022-09-01,Jharkhand,4-Wheelers,31,4183
2022-09-01,Karnataka,4-Wheelers,493,25136
2022-09-01,Kerala,4-Wheelers,397,19551
2022-09-01,Madhya Pradesh,4-Wheelers,61,11080
2022-09-01,Maharashtra,4-Wheelers,939,33643
2022-09-01,Meghalaya,4-Wheelers,2,1047
2022-09-01,Odisha,4-Wheelers,40,5941
2022-09-01,Puducherry,4-Wheelers,2,858
2022-09-01,Punjab,4-Wheelers,4,8968
2022-09-01,Rajasthan,4-Wheelers,150,12513
2022-09-01,Tamil Nadu,4-Wheelers,218,21233
2022-09-01,Uttar Pradesh,4-Wheelers,23,22777
2022-09-01,Uttarakhand,4-Wheelers,29,3066
2022-09-01,West Bengal,4-Wheelers,123,11473
2022-10-01,Andhra Pradesh,4-Wheelers,57,8075
2022-10-01,Assam,4-Wheelers,11,7529
2022-10-01,Bihar,4-Wheelers,19,7888
2022-10-01,Chandigarh,4-Wheelers,16,2422
2022-10-01,Chhattisgarh,4-Wheelers,51,7365
2022-10-01,DNH and DD,4-Wheelers,2,432
2022-10-01,Delhi,4-Wheelers,633,18613
2022-10-01,Goa,4-Wheelers,40,2230
2022-10-01,Gujarat,4-Wheelers,189,31456
2022-10-01,Haryana,4-Wheelers,39,21475
2022-10-01,Himachal Pradesh,4-Wheelers,2,3447
2022-10-01,Jammu and Kashmir,4-Wheelers,8,4556
2022-10-01,Jharkhand,4-Wheelers,22,6208
2022-10-01,Karnataka,4-Wheelers,563,26091
2022-10-01,Kerala,4-Wheelers,419,16857
2022-10-01,Madhya Pradesh,4-Wheelers,63,22052
2022-10-01,Maharashtra,4-Wheelers,1174,51561
2022-10-01,Odisha,4-Wheelers,43,6848
2022-10-01,Puducherry,4-Wheelers,4,754
2022-10-01,Punjab,4-Wheelers,3,10552
2022-10-01,Rajasthan,4-Wheelers,204,22678
2022-10-01,Tamil Nadu,4-Wheelers,184,18425
2022-10-01,Uttar Pradesh,4-Wheelers,21,42577
2022-10-01,Uttarakhand,4-Wheelers,50,5163
2022-10-01,West Bengal,4-Wheelers,94,6483
2022-11-01,Andhra Pradesh,4-Wheelers,95,6272
2022-11-01,Assam,4-Wheelers,10,7676
2022-11-01,Bihar,4-Wheelers,6,6295
2022-11-01,Chandigarh,4-Wheelers,61,2279
2022-11-01,Chhattisgarh,4-Wheelers,33,3846
2022-11-01,DNH and DD,4-Wheelers,2,455
2022-11-01,Delhi,4-Wheelers,483,15949
2022-11-01,Goa,4-Wheelers,26,1797
2022-11-01,Gujarat,4-Wheelers,374,36212
2022-11-01,Haryana,4-Wheelers,133,21202
2022-11-01,Himachal Pradesh,4-Wheelers,2,5135
2022-11-01,Jharkhand,4-Wheelers,15,4657
2022-11-01,Karnataka,4-Wheelers,564,23618
